{
  "project_info": {
    "project_number": "862977203837",
    "firebase_url": "https://repasoapp-26b85-default-rtdb.firebaseio.com",
    "project_id": "repasoapp-26b85",
    "storage_bucket": "repasoapp-26b85.appspot.com"
  },
  "client": [
    {
      "client_info": {
        "mobilesdk_app_id": "1:862977203837:android:edbc87ae5737487e971b14",
        "android_client_info": {
          "package_name": "co.com.cesde.repasoapp"
        }
      },
      "oauth_client": [],
      "api_key": [
        {
          "current_key": "AIzaSyARLlp7uPciFXU9luQwrV3d6GQtkxQiGCk"
        }
      ],
      "services": {
        "appinvite_service": {
          "other_platform_oauth_client": []
        }
      }
    }
  ],
  "configuration_version": "1"
}